<?xml version="1.0" encoding="UTF-8"?>
<project-private xmlns="http://www.netbeans.org/ns/project-private/1">
    <editor-bookmarks xmlns="http://www.netbeans.org/ns/editor-bookmarks/2" lastBookmarkId="0"/>
    <open-files xmlns="http://www.netbeans.org/ns/projectui-open-files/2">
        <group>
            <file>file:/C:/xampp/htdocs/sistemaweb/view/atualizarclien.html</file>
            <file>file:/C:/xampp/htdocs/sistemaweb/view/excluirfunc.html</file>
            <file>file:/C:/xampp/htdocs/sistemaweb/view/excluirclien.html</file>
            <file>file:/C:/xampp/htdocs/sistemaweb/model/atualizarclienbd.php</file>
            <file>file:/C:/xampp/htdocs/sistemaweb/view/buscacad.html</file>
            <file>file:/C:/xampp/htdocs/sistemaweb/model/excluirclienbd.php</file>
            <file>file:/C:/xampp/htdocs/sistemaweb/model/buscafunc.php</file>
            <file>file:/C:/xampp/htdocs/sistemaweb/model/excluirfuncbd.php</file>
            <file>file:/C:/xampp/htdocs/sistemaweb/view/cadcliente.html</file>
            <file>file:/C:/xampp/htdocs/sistemaweb/model/cadclientebd.php</file>
            <file>file:/C:/xampp/htdocs/sistemaweb/model/cadfuncbd.php</file>
            <file>file:/C:/xampp/htdocs/sistemaweb/model/cadservbd.php</file>
        </group>
    </open-files>
</project-private>
